-,Privado,Público
2018,4.458088398,4.691754198
2019,4.537125533,4.771833551
2020,4.217238597,5.466575418
2021,4.503217177,5.201566406
2022,4.900358069,5.06125476
2023,4.923523723,5.238153443
2024,5.421427845,5.109497692
